来源模型,位点名称,位点类型,元素组合,VASP原子编号,坐标_X,坐标_Y,坐标_Z,原位局域d带中心(eV),基底_局域总d电子数,基底_平均功函数(eV),基底_平均电离能(eV)
CONTCAR_1,CONTCAR_1_Ontop_Ni,Ontop,Ni,1,0.075,7.6,6.179,-1.3964,8.0,5.2,7.64
CONTCAR_1,CONTCAR_1_Ontop_Ni,Ontop,Ni,5,0.059,2.588,6.175,-1.4384,8.0,5.2,7.64
CONTCAR_1,CONTCAR_1_Ontop_Ni,Ontop,Ni,8,4.422,2.613,6.232,-1.2332,8.0,5.2,7.64
CONTCAR_1,CONTCAR_1_Ontop_Fe,Ontop,Fe,12,2.112,1.299,6.229,-0.9671,6.0,4.5,7.9
CONTCAR_1,CONTCAR_1_Ontop_Fe,Ontop,Fe,14,2.118,3.851,6.253,-0.9516,6.0,4.5,7.9
CONTCAR_1,CONTCAR_1_Ontop_Fe,Ontop,Fe,15,9.075,2.711,6.386,-0.6413,6.0,4.5,7.9
CONTCAR_1,CONTCAR_1_Ontop_Fe,Ontop,Fe,16,11.253,3.874,6.293,-0.8911,6.0,4.5,7.9
CONTCAR_1,CONTCAR_1_Ontop_Fe,Ontop,Fe,21,9.002,5.145,6.221,-0.7477,6.0,4.5,7.9
CONTCAR_1,CONTCAR_1_Ontop_Cu,Ontop,Cu,32,6.639,6.491,6.307,-2.5536,10.0,4.7,7.73
CONTCAR_1,CONTCAR_1_Ontop_Co,Ontop,Co,36,0.054,5.163,6.177,-1.1607,7.0,5.0,7.88
CONTCAR_1,CONTCAR_1_Ontop_Co,Ontop,Co,37,2.229,6.409,6.143,-1.0916,7.0,5.0,7.88
CONTCAR_1,CONTCAR_1_Ontop_Co,Ontop,Co,41,11.182,6.288,6.2,-1.0364,7.0,5.0,7.88
CONTCAR_1,CONTCAR_1_Ontop_Mn,Ontop,Mn,44,4.355,0.109,6.42,-0.2325,5.0,4.1,7.43
CONTCAR_1,CONTCAR_1_Ontop_Mn,Ontop,Mn,45,6.678,1.395,6.386,-0.2245,5.0,4.1,7.43
CONTCAR_1,CONTCAR_1_Ontop_Mn,Ontop,Mn,47,8.98,7.661,6.499,-0.2293,5.0,4.1,7.43
CONTCAR_1,CONTCAR_1_Ontop_Mn,Ontop,Mn,48,11.307,1.228,6.418,-0.2184,5.0,4.1,7.43
CONTCAR_1,CONTCAR_1_Ontop_Mn,Ontop,Mn,50,6.699,3.969,6.377,-0.1552,5.0,4.1,7.43
CONTCAR_1,CONTCAR_1_Ontop_Mn,Ontop,Mn,54,4.356,5.125,6.354,-0.1803,5.0,4.1,7.43
CONTCAR_1,CONTCAR_1_Bridge_Fe-Mn,Bridge,Fe-Mn,15-47,9.028,1.352,6.442,-0.4393,11.0,4.3,7.665
CONTCAR_1,CONTCAR_1_Bridge_Fe-Mn,Bridge,Fe-Mn,15-45,7.877,2.053,6.386,-0.4368,11.0,4.3,7.665
CONTCAR_1,CONTCAR_1_Bridge_Mn-Mn,Bridge,Mn-Mn,47-45,7.829,0.694,6.442,-0.2269,10.0,4.1,7.43
CONTCAR_1,CONTCAR_1_Bridge_Co-Mn,Bridge,Co-Mn,41-48,11.245,7.592,6.309,-0.6382,12.0,4.55,7.655
CONTCAR_1,CONTCAR_1_Bridge_Mn-Mn,Bridge,Mn-Mn,47-48,10.143,0.61,6.459,-0.2239,10.0,4.1,7.43
CONTCAR_1,CONTCAR_1_Bridge_Fe-Fe,Bridge,Fe-Fe,16-21,10.128,4.51,6.257,-0.8194,12.0,4.5,7.9
CONTCAR_1,CONTCAR_1_Bridge_Co-Fe,Bridge,Co-Fe,41-16,11.217,5.081,6.246,-0.9641,13.0,4.75,7.89
CONTCAR_1,CONTCAR_1_Bridge_Co-Fe,Bridge,Co-Fe,41-21,10.092,5.716,6.21,-0.8928,13.0,4.75,7.89
CONTCAR_1,CONTCAR_1_Bridge_Fe-Mn,Bridge,Fe-Mn,21-47,8.991,6.403,6.36,-0.4938,11.0,4.3,7.665
CONTCAR_1,CONTCAR_1_Bridge_Co-Fe,Bridge,Co-Fe,36-16,12.294,4.519,6.235,-1.0267,13.0,4.75,7.89
CONTCAR_1,CONTCAR_1_Bridge_Fe-Ni,Bridge,Fe-Ni,16-5,12.296,3.231,6.234,-1.1681,14.0,4.85,7.77
CONTCAR_1,CONTCAR_1_Bridge_Co-Ni,Bridge,Co-Ni,36-5,0.056,3.876,6.176,-1.3004,15.0,5.1,7.76
CONTCAR_1,CONTCAR_1_Bridge_Co-Co,Bridge,Co-Co,41-36,12.259,5.725,6.188,-1.0986,14.0,5.0,7.88
CONTCAR_1,CONTCAR_1_Bridge_Co-Fe,Bridge,Co-Fe,36-14,1.086,4.507,6.215,-1.0568,13.0,4.75,7.89
CONTCAR_1,CONTCAR_1_Bridge_Co-Fe,Bridge,Co-Fe,37-14,2.173,5.13,6.198,-1.022,13.0,4.75,7.89
CONTCAR_1,CONTCAR_1_Bridge_Co-Co,Bridge,Co-Co,36-37,1.142,5.786,6.16,-1.1261,14.0,5.0,7.88
CONTCAR_1,CONTCAR_1_Bridge_Co-Ni,Bridge,Co-Ni,36-1,0.065,6.382,6.178,-1.2793,15.0,5.1,7.76
CONTCAR_1,CONTCAR_1_Bridge_Mn-Ni,Bridge,Mn-Ni,48-5,12.323,1.908,6.297,-0.8486,13.0,4.65,7.535
CONTCAR_1,CONTCAR_1_Bridge_Mn-Ni,Bridge,Mn-Ni,48-1,12.332,0.58,6.299,-0.8267,13.0,4.65,7.535
CONTCAR_1,CONTCAR_1_Bridge_Co-Ni,Bridge,Co-Ni,41-1,12.269,6.944,6.19,-1.2176,15.0,5.1,7.76
CONTCAR_1,CONTCAR_1_Bridge_Fe-Mn,Bridge,Fe-Mn,21-50,7.851,4.557,6.299,-0.4575,11.0,4.3,7.665
CONTCAR_1,CONTCAR_1_Bridge_Fe-Mn,Bridge,Fe-Mn,15-50,7.887,3.34,6.381,-0.4029,11.0,4.3,7.665
CONTCAR_1,CONTCAR_1_Bridge_Fe-Fe,Bridge,Fe-Fe,15-21,9.039,3.928,6.303,-0.6946,12.0,4.5,7.9
CONTCAR_1,CONTCAR_1_Bridge_Fe-Mn,Bridge,Fe-Mn,15-48,10.191,1.969,6.402,-0.4341,11.0,4.3,7.665
CONTCAR_1,CONTCAR_1_Bridge_Fe-Ni,Bridge,Fe-Ni,14-5,1.088,3.219,6.214,-1.1979,14.0,4.85,7.77
CONTCAR_1,CONTCAR_1_Bridge_Mn-Ni,Bridge,Mn-Ni,54-8,4.389,3.869,6.293,-0.7233,13.0,4.65,7.535
CONTCAR_1,CONTCAR_1_Bridge_Fe-Mn,Bridge,Fe-Mn,14-54,3.237,4.488,6.304,-0.5739,11.0,4.3,7.665
CONTCAR_1,CONTCAR_1_Bridge_Fe-Ni,Bridge,Fe-Ni,14-8,3.27,3.232,6.243,-1.094,14.0,4.85,7.77
CONTCAR_1,CONTCAR_1_Bridge_Fe-Ni,Bridge,Fe-Ni,12-5,1.085,1.944,6.202,-1.2055,14.0,4.85,7.77
CONTCAR_1,CONTCAR_1_Bridge_Fe-Fe,Bridge,Fe-Fe,14-12,2.115,2.575,6.241,-0.9594,12.0,4.5,7.9
CONTCAR_1,CONTCAR_1_Bridge_Fe-Ni,Bridge,Fe-Ni,12-8,3.267,1.956,6.231,-1.1016,14.0,4.85,7.77
CONTCAR_1,CONTCAR_1_Bridge_Co-Mn,Bridge,Co-Mn,37-54,3.293,5.767,6.249,-0.6478,12.0,4.55,7.655
CONTCAR_1,CONTCAR_1_Bridge_Fe-Fe,Bridge,Fe-Fe,15-16,10.164,3.293,6.339,-0.7663,12.0,4.5,7.9
CONTCAR_1,CONTCAR_1_Bridge_Fe-Mn,Bridge,Fe-Mn,16-48,11.28,2.551,6.356,-0.5619,11.0,4.3,7.665
CONTCAR_1,CONTCAR_1_Bridge_Co-Mn,Bridge,Co-Mn,37-44,3.292,7.093,6.281,-0.673,12.0,4.55,7.655
CONTCAR_1,CONTCAR_1_Bridge_Co-Ni,Bridge,Co-Ni,37-1,1.152,7.005,6.161,-1.2449,15.0,5.1,7.76
CONTCAR_1,CONTCAR_1_Bridge_Mn-Mn,Bridge,Mn-Mn,45-50,6.688,2.682,6.381,-0.1899,10.0,4.1,7.43
CONTCAR_1,CONTCAR_1_Bridge_Mn-Mn,Bridge,Mn-Mn,44-54,4.356,6.451,6.387,-0.2064,10.0,4.1,7.43
CONTCAR_1,CONTCAR_1_Bridge_Fe-Mn,Bridge,Fe-Mn,12-44,3.234,0.704,6.325,-0.6072,11.0,4.3,7.665
CONTCAR_1,CONTCAR_1_Bridge_Mn-Ni,Bridge,Mn-Ni,44-8,4.389,1.361,6.326,-0.7483,13.0,4.65,7.535
CONTCAR_1,CONTCAR_1_Bridge_Mn-Ni,Bridge,Mn-Ni,45-8,5.55,2.004,6.309,-0.7444,13.0,4.65,7.535
CONTCAR_1,CONTCAR_1_Bridge_Mn-Ni,Bridge,Mn-Ni,50-8,5.561,3.291,6.304,-0.7111,13.0,4.65,7.535
CONTCAR_1,CONTCAR_1_Bridge_Mn-Mn,Bridge,Mn-Mn,50-54,5.528,4.547,6.365,-0.1678,10.0,4.1,7.43
CONTCAR_1,CONTCAR_1_Bridge_Fe-Ni,Bridge,Fe-Ni,12-1,1.094,0.616,6.204,-1.1842,14.0,4.85,7.77
CONTCAR_1,CONTCAR_1_Bridge_Ni-Ni,Bridge,Ni-Ni,1-5,0.067,1.26,6.177,-1.4174,16.0,5.2,7.64
CONTCAR_1,CONTCAR_1_Bridge_Co-Fe,Bridge,Co-Fe,37-12,2.171,0.02,6.186,-1.0296,13.0,4.75,7.89
CONTCAR_1,CONTCAR_1_Bridge_Cu-Fe,Bridge,Cu-Fe,32-21,7.821,5.818,6.264,-1.6635,16.0,4.6,7.815
CONTCAR_1,CONTCAR_1_Bridge_Cu-Mn,Bridge,Cu-Mn,32-47,7.809,7.076,6.403,-1.4317,15.0,4.4,7.58
CONTCAR_1,CONTCAR_1_Bridge_Cu-Mn,Bridge,Cu-Mn,32-45,6.658,0.109,6.346,-1.4286,15.0,4.4,7.58
CONTCAR_1,CONTCAR_1_Bridge_Mn-Mn,Bridge,Mn-Mn,44-45,5.516,0.752,6.403,-0.2285,10.0,4.1,7.43
CONTCAR_1,CONTCAR_1_Bridge_Cu-Mn,Bridge,Cu-Mn,32-44,5.497,7.134,6.363,-1.4326,15.0,4.4,7.58
CONTCAR_1,CONTCAR_1_Bridge_Cu-Mn,Bridge,Cu-Mn,32-50,6.669,5.23,6.342,-1.3957,15.0,4.4,7.58
CONTCAR_1,CONTCAR_1_Bridge_Cu-Mn,Bridge,Cu-Mn,32-54,5.498,5.808,6.331,-1.408,15.0,4.4,7.58
CONTCAR_1,CONTCAR_1_Hollow_Co-Co-Fe,Hollow,Co-Co-Fe,41-36-16,11.923,5.108,6.223,-1.0299,20.0,4.833,7.887
CONTCAR_1,CONTCAR_1_Hollow_Fe-Fe-Ni,Hollow,Fe-Fe-Ni,14-12-5,1.43,2.579,6.219,-1.1216,20.0,4.733,7.813
CONTCAR_1,CONTCAR_1_Hollow_Co-Co-Ni,Hollow,Co-Co-Ni,36-37-1,0.786,6.391,6.166,-1.217,22.0,5.067,7.8
CONTCAR_1,CONTCAR_1_Hollow_Co-Co-Ni,Hollow,Co-Co-Ni,36-41-1,12.625,6.35,6.185,-1.1987,22.0,5.067,7.8
CONTCAR_1,CONTCAR_1_Hollow_Mn-Mn,Hollow,Mn-Mn,54-50,5.159,3.902,6.321,-0.1678,10.0,4.1,7.43
CONTCAR_2,CONTCAR_2_Ontop_Fe,Ontop,Fe,1,0.028,7.605,6.326,-0.8915,6.0,4.5,7.9
CONTCAR_2,CONTCAR_2_Ontop_Fe,Ontop,Fe,5,0.011,2.54,6.134,-0.8165,6.0,4.5,7.9
CONTCAR_2,CONTCAR_2_Ontop_Co,Ontop,Co,12,2.187,1.272,6.208,-1.0313,7.0,5.0,7.88
CONTCAR_2,CONTCAR_2_Ontop_Co,Ontop,Co,13,4.32,7.625,6.208,-1.0493,7.0,5.0,7.88
CONTCAR_2,CONTCAR_2_Ontop_Co,Ontop,Co,16,6.634,3.92,6.21,-0.8999,7.0,5.0,7.88
CONTCAR_2,CONTCAR_2_Ontop_Co,Ontop,Co,17,11.118,3.754,6.185,-1.0011,7.0,5.0,7.88
CONTCAR_2,CONTCAR_2_Ontop_Co,Ontop,Co,20,6.592,6.405,6.232,-0.9738,7.0,5.0,7.88
CONTCAR_2,CONTCAR_2_Ontop_Mn,Ontop,Mn,26,6.483,1.312,6.387,-0.2445,5.0,4.1,7.43
CONTCAR_2,CONTCAR_2_Ontop_Mn,Ontop,Mn,27,8.804,7.635,6.468,-0.3296,5.0,4.1,7.43
CONTCAR_2,CONTCAR_2_Ontop_Mn,Ontop,Mn,29,2.31,3.861,6.58,-0.2074,5.0,4.1,7.43
CONTCAR_2,CONTCAR_2_Ontop_Mn,Ontop,Mn,33,8.853,5.003,6.405,-0.197,5.0,4.1,7.43
CONTCAR_2,CONTCAR_2_Ontop_Ni,Ontop,Ni,38,4.385,2.567,6.211,-1.2987,8.0,5.2,7.64
CONTCAR_2,CONTCAR_2_Ontop_Ni,Ontop,Ni,40,2.205,6.398,6.275,-1.2893,8.0,5.2,7.64
CONTCAR_2,CONTCAR_2_Ontop_Ni,Ontop,Ni,42,4.438,5.131,6.218,-1.2326,8.0,5.2,7.64
CONTCAR_2,CONTCAR_2_Ontop_Cu,Ontop,Cu,46,11.076,1.247,6.399,-2.4526,10.0,4.7,7.73
CONTCAR_2,CONTCAR_2_Ontop_Cu,Ontop,Cu,49,8.833,2.512,6.356,-2.5444,10.0,4.7,7.73
CONTCAR_2,CONTCAR_2_Ontop_Cu,Ontop,Cu,50,13.265,5.077,6.361,-2.4393,10.0,4.7,7.73
CONTCAR_2,CONTCAR_2_Ontop_Cu,Ontop,Cu,53,11.068,6.335,6.33,-2.413,10.0,4.7,7.73
CONTCAR_2,CONTCAR_2_Bridge_Cu-Mn,Bridge,Cu-Mn,50-29,1.147,4.469,6.47,-1.3624,15.0,4.4,7.58
CONTCAR_2,CONTCAR_2_Bridge_Ni-Ni,Bridge,Ni-Ni,42-38,4.411,3.849,6.214,-1.2657,16.0,5.2,7.64
CONTCAR_2,CONTCAR_2_Bridge_Co-Ni,Bridge,Co-Ni,16-42,5.536,4.525,6.214,-1.0673,15.0,5.1,7.76
CONTCAR_2,CONTCAR_2_Bridge_Co-Ni,Bridge,Co-Ni,16-38,5.509,3.243,6.21,-1.1007,15.0,5.1,7.76
CONTCAR_2,CONTCAR_2_Bridge_Mn-Ni,Bridge,Mn-Ni,26-38,5.434,1.94,6.299,-0.7882,13.0,4.65,7.535
CONTCAR_2,CONTCAR_2_Bridge_Co-Mn,Bridge,Co-Mn,16-26,6.558,2.616,6.299,-0.5803,12.0,4.55,7.655
CONTCAR_2,CONTCAR_2_Bridge_Co-Mn,Bridge,Co-Mn,20-27,7.698,7.02,6.35,-0.6591,12.0,4.55,7.655
CONTCAR_2,CONTCAR_2_Bridge_Co-Mn,Bridge,Co-Mn,20-33,7.722,5.704,6.319,-0.5949,12.0,4.55,7.655
CONTCAR_2,CONTCAR_2_Bridge_Mn-Mn,Bridge,Mn-Mn,27-33,8.829,6.319,6.436,-0.2634,10.0,4.1,7.43
CONTCAR_2,CONTCAR_2_Bridge_Co-Co,Bridge,Co-Co,20-16,6.613,5.162,6.221,-0.9369,14.0,5.0,7.88
CONTCAR_2,CONTCAR_2_Bridge_Co-Mn,Bridge,Co-Mn,16-33,7.744,4.461,6.307,-0.5569,12.0,4.55,7.655
CONTCAR_2,CONTCAR_2_Bridge_Cu-Mn,Bridge,Cu-Mn,46-27,9.94,0.607,6.434,-1.4254,15.0,4.4,7.58
CONTCAR_2,CONTCAR_2_Bridge_Co-Fe,Bridge,Co-Fe,17-5,12.205,3.147,6.16,-0.9093,13.0,4.75,7.89
CONTCAR_2,CONTCAR_2_Bridge_Co-Cu,Bridge,Co-Cu,17-46,11.097,2.501,6.292,-1.7328,17.0,4.85,7.805
CONTCAR_2,CONTCAR_2_Bridge_Cu-Fe,Bridge,Cu-Fe,46-5,12.185,1.893,6.267,-1.6454,16.0,4.6,7.815
CONTCAR_2,CONTCAR_2_Bridge_Co-Mn,Bridge,Co-Mn,17-33,9.986,4.379,6.295,-0.6093,12.0,4.55,7.655
CONTCAR_2,CONTCAR_2_Bridge_Co-Cu,Bridge,Co-Cu,17-53,11.093,5.045,6.258,-1.7129,17.0,4.85,7.805
CONTCAR_2,CONTCAR_2_Bridge_Cu-Mn,Bridge,Cu-Mn,53-33,9.961,5.669,6.367,-1.3423,15.0,4.4,7.58
CONTCAR_2,CONTCAR_2_Bridge_Cu-Mn,Bridge,Cu-Mn,53-27,9.936,6.985,6.399,-1.405,15.0,4.4,7.58
CONTCAR_2,CONTCAR_2_Bridge_Fe-Fe,Bridge,Fe-Fe,1-5,0.02,1.238,6.23,-0.854,12.0,4.5,7.9
CONTCAR_2,CONTCAR_2_Bridge_Cu-Mn,Bridge,Cu-Mn,49-26,7.658,1.912,6.371,-1.4343,15.0,4.4,7.58
CONTCAR_2,CONTCAR_2_Bridge_Co-Cu,Bridge,Co-Cu,16-49,7.733,3.216,6.283,-1.7304,17.0,4.85,7.805
CONTCAR_2,CONTCAR_2_Bridge_Co-Ni,Bridge,Co-Ni,20-42,5.515,5.768,6.225,-1.104,15.0,5.1,7.76
CONTCAR_2,CONTCAR_2_Bridge_Co-Fe,Bridge,Co-Fe,12-5,1.099,1.906,6.171,-0.9244,13.0,4.75,7.89
CONTCAR_2,CONTCAR_2_Bridge_Co-Ni,Bridge,Co-Ni,12-38,3.286,1.92,6.21,-1.1658,15.0,5.1,7.76
CONTCAR_2,CONTCAR_2_Bridge_Co-Fe,Bridge,Co-Fe,12-1,1.108,0.605,6.267,-0.9618,13.0,4.75,7.89
CONTCAR_2,CONTCAR_2_Bridge_Fe-Ni,Bridge,Fe-Ni,1-40,1.117,7.001,6.301,-1.0927,14.0,4.85,7.77
CONTCAR_2,CONTCAR_2_Bridge_Co-Ni,Bridge,Co-Ni,12-40,2.196,0.001,6.242,-1.1611,15.0,5.1,7.76
CONTCAR_2,CONTCAR_2_Bridge_Ni-Ni,Bridge,Ni-Ni,40-42,3.322,5.764,6.246,-1.261,16.0,5.2,7.64
CONTCAR_2,CONTCAR_2_Bridge_Mn-Ni,Bridge,Mn-Ni,29-40,2.258,5.129,6.428,-0.7659,13.0,4.65,7.535
CONTCAR_2,CONTCAR_2_Bridge_Cu-Fe,Bridge,Cu-Fe,50-1,0.006,6.341,6.343,-1.6762,16.0,4.6,7.815
CONTCAR_2,CONTCAR_2_Bridge_Cu-Ni,Bridge,Cu-Ni,50-40,1.094,5.737,6.318,-1.8657,18.0,4.95,7.685
CONTCAR_2,CONTCAR_2_Bridge_Co-Cu,Bridge,Co-Cu,17-50,12.191,4.415,6.273,-1.7261,17.0,4.85,7.805
CONTCAR_2,CONTCAR_2_Bridge_Cu-Cu,Bridge,Cu-Cu,50-53,12.166,5.706,6.345,-2.4261,20.0,4.7,7.73
CONTCAR_2,CONTCAR_2_Bridge_Cu-Fe,Bridge,Cu-Fe,53-1,12.189,6.97,6.328,-1.6629,16.0,4.6,7.815
CONTCAR_2,CONTCAR_2_Bridge_Co-Ni,Bridge,Co-Ni,13-40,3.263,7.012,6.242,-1.17,15.0,5.1,7.76
CONTCAR_2,CONTCAR_2_Bridge_Cu-Mn,Bridge,Cu-Mn,49-33,8.843,3.757,6.38,-1.4106,15.0,4.4,7.58
CONTCAR_2,CONTCAR_2_Bridge_Cu-Mn,Bridge,Cu-Mn,49-27,8.818,1.239,6.412,-1.4732,15.0,4.4,7.58
CONTCAR_2,CONTCAR_2_Bridge_Cu-Cu,Bridge,Cu-Cu,46-49,9.955,1.879,6.377,-2.4985,20.0,4.7,7.73
CONTCAR_2,CONTCAR_2_Bridge_Co-Cu,Bridge,Co-Cu,17-49,9.975,3.133,6.27,-1.7794,17.0,4.85,7.805
CONTCAR_2,CONTCAR_2_Bridge_Co-Ni,Bridge,Co-Ni,13-38,4.352,1.262,6.21,-1.1748,15.0,5.1,7.76
CONTCAR_2,CONTCAR_2_Bridge_Co-Mn,Bridge,Co-Mn,13-26,5.401,0.635,6.298,-0.6571,12.0,4.55,7.655
CONTCAR_2,CONTCAR_2_Bridge_Cu-Cu,Bridge,Cu-Cu,46-53,11.072,7.625,6.365,-2.4328,20.0,4.7,7.73
CONTCAR_2,CONTCAR_2_Bridge_Co-Co,Bridge,Co-Co,13-12,3.253,0.615,6.208,-1.0403,14.0,5.0,7.88
CONTCAR_2,CONTCAR_2_Bridge_Co-Co,Bridge,Co-Co,20-13,5.456,7.015,6.22,-1.0115,14.0,5.0,7.88
CONTCAR_2,CONTCAR_2_Bridge_Co-Ni,Bridge,Co-Ni,13-42,4.379,6.378,6.213,-1.1415,15.0,5.1,7.76
CONTCAR_2,CONTCAR_2_Bridge_Co-Mn,Bridge,Co-Mn,20-26,6.537,0.024,6.31,-0.6183,12.0,4.55,7.655
CONTCAR_2,CONTCAR_2_Bridge_Mn-Mn,Bridge,Mn-Mn,27-26,7.643,0.64,6.428,-0.2871,10.0,4.1,7.43
CONTCAR_2,CONTCAR_2_Bridge_Cu-Fe,Bridge,Cu-Fe,50-5,13.279,3.808,6.247,-1.6386,16.0,4.6,7.815
CONTCAR_2,CONTCAR_2_Bridge_Cu-Fe,Bridge,Cu-Fe,46-1,12.193,0.592,6.363,-1.683,16.0,4.6,7.815
CONTCAR_2,CONTCAR_2_Hollow_Co-Co-Ni,Hollow,Co-Co-Ni,20-16-42,5.888,5.152,6.22,-1.0363,22.0,5.067,7.8
CONTCAR_2,CONTCAR_2_Hollow_Cu-Cu-Fe,Hollow,Cu-Cu-Fe,50-53-1,12.547,6.339,6.339,-1.9241,26.0,4.633,7.787
CONTCAR_2,CONTCAR_2_Hollow_Co-Co,Hollow,Co-Co,12-13,3.63,1.266,6.209,-1.0403,14.0,5.0,7.88
CONTCAR_2,CONTCAR_2_Hollow_Co-Co-Ni,Hollow,Co-Co-Ni,20-13-42,5.116,6.387,6.219,-1.0858,22.0,5.067,7.8
CONTCAR_3,CONTCAR_3_Ontop_Co,Ontop,Co,1,13.196,7.657,6.226,-0.9553,7.0,5.0,7.88
CONTCAR_3,CONTCAR_3_Ontop_Co,Ontop,Co,2,6.589,1.198,6.264,-0.9535,7.0,5.0,7.88
CONTCAR_3,CONTCAR_3_Ontop_Co,Ontop,Co,9,6.601,6.452,6.21,-1.0206,7.0,5.0,7.88
CONTCAR_3,CONTCAR_3_Ontop_Co,Ontop,Co,11,11.043,6.368,6.163,-1.0214,7.0,5.0,7.88
CONTCAR_3,CONTCAR_3_Ontop_Mn,Ontop,Mn,12,2.222,1.345,6.59,-0.1816,5.0,4.1,7.43
CONTCAR_3,CONTCAR_3_Ontop_Mn,Ontop,Mn,19,11.154,3.855,6.355,-0.2458,5.0,4.1,7.43
CONTCAR_3,CONTCAR_3_Ontop_Mn,Ontop,Mn,20,2.202,6.32,6.513,-0.1536,5.0,4.1,7.43
CONTCAR_3,CONTCAR_3_Ontop_Mn,Ontop,Mn,22,8.779,5.213,6.407,-0.2154,5.0,4.1,7.43
CONTCAR_3,CONTCAR_3_Ontop_Ni,Ontop,Ni,25,8.828,7.656,6.193,-1.2314,8.0,5.2,7.64
CONTCAR_3,CONTCAR_3_Ontop_Ni,Ontop,Ni,27,4.47,2.52,6.282,-1.2211,8.0,5.2,7.64
CONTCAR_3,CONTCAR_3_Ontop_Ni,Ontop,Ni,30,13.267,5.162,6.211,-1.1929,8.0,5.2,7.64
CONTCAR_3,CONTCAR_3_Ontop_Fe,Ontop,Fe,34,4.482,7.597,6.296,-0.7441,6.0,4.5,7.9
CONTCAR_3,CONTCAR_3_Ontop_Fe,Ontop,Fe,36,11.054,1.074,6.396,-0.927,6.0,4.5,7.9
CONTCAR_3,CONTCAR_3_Ontop_Fe,Ontop,Fe,39,4.547,5.135,6.276,-0.7755,6.0,4.5,7.9
CONTCAR_3,CONTCAR_3_Ontop_Cu,Ontop,Cu,47,0.022,2.558,6.285,-2.4809,10.0,4.7,7.73
CONTCAR_3,CONTCAR_3_Ontop_Cu,Ontop,Cu,48,2.23,3.838,6.275,-2.4777,10.0,4.7,7.73
CONTCAR_3,CONTCAR_3_Ontop_Cu,Ontop,Cu,51,6.651,3.795,6.39,-2.4178,10.0,4.7,7.73
CONTCAR_3,CONTCAR_3_Ontop_Cu,Ontop,Cu,53,8.836,2.505,6.332,-2.3424,10.0,4.7,7.73
CONTCAR_3,CONTCAR_3_Bridge_Cu-Mn,Bridge,Cu-Mn,47-19,12.229,3.207,6.32,-1.4001,15.0,4.4,7.58
CONTCAR_3,CONTCAR_3_Bridge_Mn-Ni,Bridge,Mn-Ni,19-30,12.21,4.509,6.283,-0.7336,13.0,4.65,7.535
CONTCAR_3,CONTCAR_3_Bridge_Co-Cu,Bridge,Co-Cu,9-51,6.626,5.123,6.3,-1.7248,17.0,4.85,7.805
CONTCAR_3,CONTCAR_3_Bridge_Co-Fe,Bridge,Co-Fe,9-39,5.574,5.793,6.243,-0.8988,13.0,4.75,7.89
CONTCAR_3,CONTCAR_3_Bridge_Cu-Fe,Bridge,Cu-Fe,51-39,5.599,4.465,6.333,-1.6085,16.0,4.6,7.815
CONTCAR_3,CONTCAR_3_Bridge_Fe-Ni,Bridge,Fe-Ni,39-27,4.508,3.828,6.279,-1.001,14.0,4.85,7.77
CONTCAR_3,CONTCAR_3_Bridge_Cu-Ni,Bridge,Cu-Ni,51-27,5.56,3.158,6.336,-1.8209,18.0,4.95,7.685
CONTCAR_3,CONTCAR_3_Bridge_Cu-Mn,Bridge,Cu-Mn,53-22,8.807,3.859,6.37,-1.3147,15.0,4.4,7.58
CONTCAR_3,CONTCAR_3_Bridge_Cu-Mn,Bridge,Cu-Mn,51-22,7.715,4.504,6.399,-1.3537,15.0,4.4,7.58
CONTCAR_3,CONTCAR_3_Bridge_Cu-Cu,Bridge,Cu-Cu,51-53,7.743,3.15,6.361,-2.3801,20.0,4.7,7.73
CONTCAR_3,CONTCAR_3_Bridge_Mn-Mn,Bridge,Mn-Mn,22-19,9.966,4.534,6.381,-0.2307,10.0,4.1,7.43
CONTCAR_3,CONTCAR_3_Bridge_Cu-Mn,Bridge,Cu-Mn,53-19,9.995,3.18,6.343,-1.3279,15.0,4.4,7.58
CONTCAR_3,CONTCAR_3_Bridge_Cu-Fe,Bridge,Cu-Fe,47-36,12.179,1.816,6.341,-1.7145,16.0,4.6,7.815
CONTCAR_3,CONTCAR_3_Bridge_Fe-Mn,Bridge,Fe-Mn,36-19,11.104,2.465,6.376,-0.593,11.0,4.3,7.665
CONTCAR_3,CONTCAR_3_Bridge_Cu-Fe,Bridge,Cu-Fe,53-36,9.945,1.789,6.364,-1.6439,16.0,4.6,7.815
CONTCAR_3,CONTCAR_3_Bridge_Fe-Ni,Bridge,Fe-Ni,36-25,9.941,0.531,6.295,-1.0808,14.0,4.85,7.77
CONTCAR_3,CONTCAR_3_Bridge_Co-Fe,Bridge,Co-Fe,1-36,12.125,0.531,6.311,-0.9412,13.0,4.75,7.89
CONTCAR_3,CONTCAR_3_Bridge_Co-Cu,Bridge,Co-Cu,1-47,13.25,1.273,6.256,-1.7248,17.0,4.85,7.805
CONTCAR_3,CONTCAR_3_Bridge_Co-Mn,Bridge,Co-Mn,11-19,11.099,5.111,6.259,-0.6433,12.0,4.55,7.655
CONTCAR_3,CONTCAR_3_Bridge_Co-Ni,Bridge,Co-Ni,11-30,12.155,5.765,6.187,-1.1076,15.0,5.1,7.76
CONTCAR_3,CONTCAR_3_Bridge_Co-Co,Bridge,Co-Co,1-11,12.12,7.012,6.195,-0.9884,14.0,5.0,7.88
CONTCAR_3,CONTCAR_3_Bridge_Co-Fe,Bridge,Co-Fe,11-36,11.049,7.555,6.28,-0.9745,13.0,4.75,7.89
CONTCAR_3,CONTCAR_3_Bridge_Co-Ni,Bridge,Co-Ni,1-30,13.231,6.409,6.219,-1.0748,15.0,5.1,7.76
CONTCAR_3,CONTCAR_3_Bridge_Co-Co,Bridge,Co-Co,2-9,6.595,7.659,6.237,-0.9871,14.0,5.0,7.88
CONTCAR_3,CONTCAR_3_Bridge_Co-Ni,Bridge,Co-Ni,9-25,7.714,7.054,6.202,-1.1266,15.0,5.1,7.76
CONTCAR_3,CONTCAR_3_Bridge_Co-Ni,Bridge,Co-Ni,2-25,7.708,0.593,6.228,-1.0933,15.0,5.1,7.76
CONTCAR_3,CONTCAR_3_Bridge_Cu-Ni,Bridge,Cu-Ni,53-25,8.832,1.246,6.263,-1.7883,18.0,4.95,7.685
CONTCAR_3,CONTCAR_3_Bridge_Co-Cu,Bridge,Co-Cu,2-53,7.713,1.851,6.298,-1.6539,17.0,4.85,7.805
CONTCAR_3,CONTCAR_3_Bridge_Cu-Mn,Bridge,Cu-Mn,48-20,2.216,5.079,6.394,-1.3561,15.0,4.4,7.58
CONTCAR_3,CONTCAR_3_Bridge_Cu-Fe,Bridge,Cu-Fe,48-39,3.389,4.486,6.275,-1.6392,16.0,4.6,7.815
CONTCAR_3,CONTCAR_3_Bridge_Fe-Mn,Bridge,Fe-Mn,39-20,3.374,5.727,6.395,-0.4708,11.0,4.3,7.665
CONTCAR_3,CONTCAR_3_Bridge_Mn-Mn,Bridge,Mn-Mn,12-20,2.212,7.666,6.552,-0.1676,10.0,4.1,7.43
CONTCAR_3,CONTCAR_3_Bridge_Co-Ni,Bridge,Co-Ni,2-27,5.529,1.859,6.273,-1.0881,15.0,5.1,7.76
CONTCAR_3,CONTCAR_3_Bridge_Co-Cu,Bridge,Co-Cu,2-51,6.62,2.497,6.327,-1.692,17.0,4.85,7.805
CONTCAR_3,CONTCAR_3_Bridge_Fe-Ni,Bridge,Fe-Ni,34-27,4.476,1.225,6.289,-0.9852,14.0,4.85,7.77
CONTCAR_3,CONTCAR_3_Bridge_Co-Fe,Bridge,Co-Fe,2-34,5.536,0.564,6.28,-0.8493,13.0,4.75,7.89
CONTCAR_3,CONTCAR_3_Bridge_Mn-Ni,Bridge,Mn-Ni,12-27,3.346,1.933,6.436,-0.7175,13.0,4.65,7.535
CONTCAR_3,CONTCAR_3_Bridge_Fe-Fe,Bridge,Fe-Fe,34-39,4.515,6.366,6.286,-0.7598,12.0,4.5,7.9
CONTCAR_3,CONTCAR_3_Bridge_Fe-Mn,Bridge,Fe-Mn,34-20,3.342,6.958,6.405,-0.455,11.0,4.3,7.665
CONTCAR_3,CONTCAR_3_Bridge_Co-Fe,Bridge,Co-Fe,9-34,5.542,7.025,6.253,-0.8831,13.0,4.75,7.89
CONTCAR_3,CONTCAR_3_Bridge_Co-Ni,Bridge,Co-Ni,11-25,9.936,7.012,6.178,-1.1269,15.0,5.1,7.76
CONTCAR_3,CONTCAR_3_Bridge_Mn-Ni,Bridge,Mn-Ni,22-25,8.803,6.434,6.3,-0.7392,13.0,4.65,7.535
CONTCAR_3,CONTCAR_3_Bridge_Co-Mn,Bridge,Co-Mn,11-22,9.911,5.79,6.285,-0.629,12.0,4.55,7.655
CONTCAR_3,CONTCAR_3_Bridge_Cu-Ni,Bridge,Cu-Ni,48-27,3.35,3.179,6.279,-1.8511,18.0,4.95,7.685
CONTCAR_3,CONTCAR_3_Bridge_Cu-Ni,Bridge,Cu-Ni,47-30,0.004,3.86,6.248,-1.8388,18.0,4.95,7.685
CONTCAR_3,CONTCAR_3_Bridge_Co-Mn,Bridge,Co-Mn,9-22,7.69,5.832,6.309,-0.6283,12.0,4.55,7.655
CONTCAR_3,CONTCAR_3_Bridge_Mn-Ni,Bridge,Mn-Ni,20-30,1.094,5.741,6.362,-0.6899,13.0,4.65,7.535
CONTCAR_3,CONTCAR_3_Bridge_Cu-Ni,Bridge,Cu-Ni,48-30,1.108,4.5,6.243,-1.8371,18.0,4.95,7.685
CONTCAR_3,CONTCAR_3_Bridge_Cu-Mn,Bridge,Cu-Mn,47-12,1.122,1.951,6.438,-1.3703,15.0,4.4,7.58
CONTCAR_3,CONTCAR_3_Bridge_Cu-Mn,Bridge,Cu-Mn,48-12,2.226,2.591,6.433,-1.3685,15.0,4.4,7.58
CONTCAR_3,CONTCAR_3_Bridge_Cu-Cu,Bridge,Cu-Cu,47-48,1.126,3.198,6.28,-2.4793,20.0,4.7,7.73
CONTCAR_3,CONTCAR_3_Hollow_Co-Fe-Ni,Hollow,Co-Fe-Ni,2-34-27,5.18,1.216,6.281,-0.9747,21.0,4.9,7.807
CONTCAR_3,CONTCAR_3_Hollow_Co-Fe-Fe,Hollow,Co-Fe-Fe,9-34-39,5.21,6.395,6.261,-0.8474,19.0,4.667,7.893
CONTCAR_3,CONTCAR_3_Hollow_Co-Co-Fe,Hollow,Co-Co-Fe,2-9-34,5.891,7.638,6.257,-0.9066,20.0,4.833,7.887
CONTCAR_4,CONTCAR_4_Ontop_Mn,Ontop,Mn,1,0.015,7.503,6.472,-0.1338,5.0,4.1,7.43
CONTCAR_4,CONTCAR_4_Ontop_Mn,Ontop,Mn,2,2.19,1.255,6.261,-0.1516,5.0,4.1,7.43
CONTCAR_4,CONTCAR_4_Ontop_Mn,Ontop,Mn,3,4.457,0.014,6.434,-0.2281,5.0,4.1,7.43
CONTCAR_4,CONTCAR_4_Ontop_Mn,Ontop,Mn,5,2.142,3.885,6.538,-0.1371,5.0,4.1,7.43
CONTCAR_4,CONTCAR_4_Ontop_Mn,Ontop,Mn,9,6.764,6.382,6.562,-0.2037,5.0,4.1,7.43
CONTCAR_4,CONTCAR_4_Ontop_Ni,Ontop,Ni,16,13.227,2.521,6.18,-1.2902,8.0,5.2,7.64
CONTCAR_4,CONTCAR_4_Ontop_Ni,Ontop,Ni,17,4.422,2.585,6.272,-1.2461,8.0,5.2,7.64
CONTCAR_4,CONTCAR_4_Ontop_Ni,Ontop,Ni,18,6.627,3.834,6.334,-1.3101,8.0,5.2,7.64
CONTCAR_4,CONTCAR_4_Ontop_Ni,Ontop,Ni,19,8.916,2.56,6.237,-1.3579,8.0,5.2,7.64
CONTCAR_4,CONTCAR_4_Ontop_Co,Ontop,Co,24,8.866,0.02,6.193,-0.9879,7.0,5.0,7.88
CONTCAR_4,CONTCAR_4_Ontop_Co,Ontop,Co,27,11.068,3.858,6.155,-1.0819,7.0,5.0,7.88
CONTCAR_4,CONTCAR_4_Ontop_Co,Ontop,Co,29,13.193,5.021,6.164,-0.9807,7.0,5.0,7.88
CONTCAR_4,CONTCAR_4_Ontop_Co,Ontop,Co,30,2.232,6.35,6.256,-0.9009,7.0,5.0,7.88
CONTCAR_4,CONTCAR_4_Ontop_Co,Ontop,Co,31,4.38,5.086,6.306,-0.9517,7.0,5.0,7.88
CONTCAR_4,CONTCAR_4_Ontop_Fe,Ontop,Fe,34,6.76,1.4,6.328,-0.806,6.0,4.5,7.9
CONTCAR_4,CONTCAR_4_Ontop_Fe,Ontop,Fe,37,11.036,1.261,6.318,-0.8183,6.0,4.5,7.9
CONTCAR_4,CONTCAR_4_Ontop_Fe,Ontop,Fe,43,11.011,6.353,6.279,-0.7824,6.0,4.5,7.9
CONTCAR_4,CONTCAR_4_Ontop_Cu,Ontop,Cu,53,8.883,5.052,6.354,-2.5178,10.0,4.7,7.73
CONTCAR_4,CONTCAR_4_Bridge_Mn-Ni,Bridge,Mn-Ni,2-16,1.068,1.888,6.22,-0.7389,13.0,4.65,7.535
CONTCAR_4,CONTCAR_4_Bridge_Mn-Mn,Bridge,Mn-Mn,1-2,1.102,0.545,6.366,-0.1427,10.0,4.1,7.43
CONTCAR_4,CONTCAR_4_Bridge_Cu-Mn,Bridge,Cu-Mn,53-9,7.823,5.717,6.458,-1.4009,15.0,4.4,7.58
CONTCAR_4,CONTCAR_4_Bridge_Co-Cu,Bridge,Co-Cu,24-53,8.875,6.37,6.273,-1.7596,17.0,4.85,7.805
CONTCAR_4,CONTCAR_4_Bridge_Cu-Fe,Bridge,Cu-Fe,53-43,9.947,5.702,6.316,-1.663,16.0,4.6,7.815
CONTCAR_4,CONTCAR_4_Bridge_Co-Fe,Bridge,Co-Fe,24-43,9.939,7.02,6.236,-0.8858,13.0,4.75,7.89
CONTCAR_4,CONTCAR_4_Bridge_Co-Fe,Bridge,Co-Fe,24-37,9.951,0.64,6.256,-0.9036,13.0,4.75,7.89
CONTCAR_4,CONTCAR_4_Bridge_Fe-Fe,Bridge,Fe-Fe,37-43,11.023,7.641,6.299,-0.8003,12.0,4.5,7.9
CONTCAR_4,CONTCAR_4_Bridge_Co-Ni,Bridge,Co-Ni,24-19,8.891,1.29,6.215,-1.1741,15.0,5.1,7.76
CONTCAR_4,CONTCAR_4_Bridge_Fe-Ni,Bridge,Fe-Ni,37-19,9.976,1.91,6.278,-1.0914,14.0,4.85,7.77
CONTCAR_4,CONTCAR_4_Bridge_Mn-Ni,Bridge,Mn-Ni,9-18,6.695,5.108,6.448,-0.7748,13.0,4.65,7.535
CONTCAR_4,CONTCAR_4_Bridge_Cu-Ni,Bridge,Cu-Ni,53-18,7.755,4.443,6.344,-1.9153,18.0,4.95,7.685
CONTCAR_4,CONTCAR_4_Bridge_Mn-Ni,Bridge,Mn-Ni,2-17,3.306,1.92,6.266,-0.7161,13.0,4.65,7.535
CONTCAR_4,CONTCAR_4_Bridge_Mn-Mn,Bridge,Mn-Mn,3-2,3.324,0.635,6.347,-0.1898,10.0,4.1,7.43
CONTCAR_4,CONTCAR_4_Bridge_Mn-Ni,Bridge,Mn-Ni,3-17,4.44,1.299,6.353,-0.753,13.0,4.65,7.535
CONTCAR_4,CONTCAR_4_Bridge_Co-Co,Bridge,Co-Co,30-29,1.072,5.685,6.21,-0.9408,14.0,5.0,7.88
CONTCAR_4,CONTCAR_4_Bridge_Co-Mn,Bridge,Co-Mn,30-5,2.187,5.118,6.397,-0.5288,12.0,4.55,7.655
CONTCAR_4,CONTCAR_4_Bridge_Fe-Mn,Bridge,Fe-Mn,43-1,12.153,6.928,6.375,-0.4644,11.0,4.3,7.665
CONTCAR_4,CONTCAR_4_Bridge_Fe-Mn,Bridge,Fe-Mn,37-1,12.166,0.548,6.395,-0.4827,11.0,4.3,7.665
CONTCAR_4,CONTCAR_4_Bridge_Co-Ni,Bridge,Co-Ni,31-17,4.401,3.835,6.289,-1.0998,15.0,5.1,7.76
CONTCAR_4,CONTCAR_4_Bridge_Co-Mn,Bridge,Co-Mn,31-5,3.261,4.486,6.422,-0.5549,12.0,4.55,7.655
CONTCAR_4,CONTCAR_4_Bridge_Co-Mn,Bridge,Co-Mn,30-1,1.123,6.926,6.364,-0.5271,12.0,4.55,7.655
CONTCAR_4,CONTCAR_4_Bridge_Co-Mn,Bridge,Co-Mn,30-2,2.211,7.636,6.259,-0.5357,12.0,4.55,7.655
CONTCAR_4,CONTCAR_4_Bridge_Co-Mn,Bridge,Co-Mn,30-3,3.345,7.016,6.345,-0.5729,12.0,4.55,7.655
CONTCAR_4,CONTCAR_4_Bridge_Fe-Ni,Bridge,Fe-Ni,37-16,12.132,1.891,6.249,-1.0572,14.0,4.85,7.77
CONTCAR_4,CONTCAR_4_Bridge_Co-Fe,Bridge,Co-Fe,27-43,11.039,5.105,6.217,-0.9331,13.0,4.75,7.89
CONTCAR_4,CONTCAR_4_Bridge_Co-Cu,Bridge,Co-Cu,27-53,9.975,4.455,6.254,-1.8058,17.0,4.85,7.805
CONTCAR_4,CONTCAR_4_Bridge_Cu-Ni,Bridge,Cu-Ni,53-19,8.899,3.806,6.295,-1.9392,18.0,4.95,7.685
CONTCAR_4,CONTCAR_4_Bridge_Co-Ni,Bridge,Co-Ni,27-19,9.992,3.209,6.196,-1.2207,15.0,5.1,7.76
CONTCAR_4,CONTCAR_4_Bridge_Co-Ni,Bridge,Co-Ni,27-16,12.148,3.189,6.167,-1.1867,15.0,5.1,7.76
CONTCAR_4,CONTCAR_4_Bridge_Co-Fe,Bridge,Co-Fe,27-37,11.052,2.559,6.237,-0.9509,13.0,4.75,7.89
CONTCAR_4,CONTCAR_4_Bridge_Co-Co,Bridge,Co-Co,31-30,3.306,5.718,6.281,-0.9263,14.0,5.0,7.88
CONTCAR_4,CONTCAR_4_Bridge_Co-Ni,Bridge,Co-Ni,31-18,5.503,4.46,6.32,-1.1321,15.0,5.1,7.76
CONTCAR_4,CONTCAR_4_Bridge_Ni-Ni,Bridge,Ni-Ni,18-17,5.524,3.209,6.303,-1.2781,16.0,5.2,7.64
CONTCAR_4,CONTCAR_4_Bridge_Fe-Ni,Bridge,Fe-Ni,34-19,7.838,1.98,6.282,-1.0852,14.0,4.85,7.77
CONTCAR_4,CONTCAR_4_Bridge_Ni-Ni,Bridge,Ni-Ni,18-19,7.771,3.197,6.286,-1.334,16.0,5.2,7.64
CONTCAR_4,CONTCAR_4_Bridge_Fe-Ni,Bridge,Fe-Ni,34-18,6.693,2.617,6.331,-1.0611,14.0,4.85,7.77
CONTCAR_4,CONTCAR_4_Bridge_Fe-Ni,Bridge,Fe-Ni,34-17,5.591,1.992,6.3,-1.0286,14.0,4.85,7.77
CONTCAR_4,CONTCAR_4_Bridge_Co-Mn,Bridge,Co-Mn,29-1,13.245,6.262,6.318,-0.5681,12.0,4.55,7.655
CONTCAR_4,CONTCAR_4_Bridge_Co-Fe,Bridge,Co-Fe,29-43,12.102,5.687,6.222,-0.8822,13.0,4.75,7.89
CONTCAR_4,CONTCAR_4_Bridge_Co-Co,Bridge,Co-Co,29-27,12.131,4.439,6.16,-1.0313,14.0,5.0,7.88
CONTCAR_4,CONTCAR_4_Bridge_Co-Mn,Bridge,Co-Mn,31-3,4.419,6.384,6.37,-0.5989,12.0,4.55,7.655
CONTCAR_4,CONTCAR_4_Bridge_Co-Ni,Bridge,Co-Ni,29-16,13.21,3.771,6.172,-1.1364,15.0,5.1,7.76
CONTCAR_4,CONTCAR_4_Bridge_Co-Fe,Bridge,Co-Fe,24-34,7.813,0.71,6.26,-0.8975,13.0,4.75,7.89
CONTCAR_4,CONTCAR_4_Bridge_Fe-Mn,Bridge,Fe-Mn,34-3,5.609,0.707,6.381,-0.5227,11.0,4.3,7.665
CONTCAR_4,CONTCAR_4_Bridge_Mn-Mn,Bridge,Mn-Mn,9-3,5.611,7.032,6.498,-0.2159,10.0,4.1,7.43
CONTCAR_4,CONTCAR_4_Hollow_Co-Ni-Ni,Hollow,Co-Ni-Ni,31-18-17,5.143,3.835,6.304,-1.1702,23.0,5.133,7.72
CONTCAR_4,CONTCAR_4_Hollow_Co-Co-Fe,Hollow,Co-Co-Fe,27-29-43,11.757,5.077,6.199,-0.949,20.0,4.833,7.887
CONTCAR_4,CONTCAR_4_Hollow_Co-Co-Ni,Hollow,Co-Co-Ni,29-27-16,12.496,3.8,6.166,-1.1183,22.0,5.067,7.8
CONTCAR_5,CONTCAR_5_Ontop_Mn,Ontop,Mn,1,13.264,0.014,6.435,-0.1361,5.0,4.1,7.43
CONTCAR_5,CONTCAR_5_Ontop_Mn,Ontop,Mn,5,13.236,2.639,6.333,-0.1546,5.0,4.1,7.43
CONTCAR_5,CONTCAR_5_Ontop_Mn,Ontop,Mn,7,6.707,3.707,6.376,-0.1581,5.0,4.1,7.43
CONTCAR_5,CONTCAR_5_Ontop_Mn,Ontop,Mn,10,6.605,6.42,6.403,-0.1502,5.0,4.1,7.43
CONTCAR_5,CONTCAR_5_Ontop_Fe,Ontop,Fe,12,2.281,1.248,6.154,-0.7897,6.0,4.5,7.9
CONTCAR_5,CONTCAR_5_Ontop_Fe,Ontop,Fe,13,4.428,0.116,6.371,-0.8051,6.0,4.5,7.9
CONTCAR_5,CONTCAR_5_Ontop_Fe,Ontop,Fe,15,8.832,0.042,6.269,-0.7833,6.0,4.5,7.9
CONTCAR_5,CONTCAR_5_Ontop_Fe,Ontop,Fe,16,11.027,1.259,6.184,-0.7854,6.0,4.5,7.9
CONTCAR_5,CONTCAR_5_Ontop_Fe,Ontop,Fe,18,4.424,2.488,6.193,-0.839,6.0,4.5,7.9
CONTCAR_5,CONTCAR_5_Ontop_Fe,Ontop,Fe,21,8.867,5.091,6.251,-0.7541,6.0,4.5,7.9
CONTCAR_5,CONTCAR_5_Ontop_Fe,Ontop,Fe,22,10.944,6.386,6.235,-0.908,6.0,4.5,7.9
CONTCAR_5,CONTCAR_5_Ontop_Co,Ontop,Co,31,8.89,2.57,6.157,-1.0171,7.0,5.0,7.88
CONTCAR_5,CONTCAR_5_Ontop_Co,Ontop,Co,33,2.239,6.47,6.259,-0.8766,7.0,5.0,7.88
CONTCAR_5,CONTCAR_5_Ontop_Ni,Ontop,Ni,34,6.673,1.269,6.21,-1.3617,8.0,5.2,7.64
CONTCAR_5,CONTCAR_5_Ontop_Ni,Ontop,Ni,39,11.031,3.839,6.192,-1.2225,8.0,5.2,7.64
CONTCAR_5,CONTCAR_5_Ontop_Cu,Ontop,Cu,45,2.226,3.867,6.302,-2.3977,10.0,4.7,7.73
CONTCAR_5,CONTCAR_5_Ontop_Cu,Ontop,Cu,48,13.253,5.153,6.315,-2.4372,10.0,4.7,7.73
CONTCAR_5,CONTCAR_5_Ontop_Cu,Ontop,Cu,51,4.417,5.075,6.373,-2.476,10.0,4.7,7.73
CONTCAR_5,CONTCAR_5_Bridge_Cu-Cu,Bridge,Cu-Cu,48-45,1.099,4.51,6.308,-2.4175,20.0,4.7,7.73
CONTCAR_5,CONTCAR_5_Bridge_Co-Cu,Bridge,Co-Cu,33-45,2.233,5.169,6.28,-1.6441,17.0,4.85,7.805
CONTCAR_5,CONTCAR_5_Bridge_Co-Cu,Bridge,Co-Cu,33-48,1.105,5.811,6.287,-1.6641,17.0,4.85,7.805
CONTCAR_5,CONTCAR_5_Bridge_Cu-Cu,Bridge,Cu-Cu,51-45,3.321,4.471,6.338,-2.4369,20.0,4.7,7.73
CONTCAR_5,CONTCAR_5_Bridge_Co-Cu,Bridge,Co-Cu,33-51,3.328,5.773,6.316,-1.6835,17.0,4.85,7.805
CONTCAR_5,CONTCAR_5_Bridge_Cu-Fe,Bridge,Cu-Fe,51-13,4.423,6.43,6.372,-1.6517,16.0,4.6,7.815
CONTCAR_5,CONTCAR_5_Bridge_Co-Fe,Bridge,Co-Fe,33-13,3.334,7.127,6.315,-0.841,13.0,4.75,7.89
CONTCAR_5,CONTCAR_5_Bridge_Fe-Fe,Bridge,Fe-Fe,22-16,10.986,7.656,6.209,-0.8468,12.0,4.5,7.9
CONTCAR_5,CONTCAR_5_Bridge_Fe-Fe,Bridge,Fe-Fe,15-16,9.929,0.651,6.226,-0.7843,12.0,4.5,7.9
CONTCAR_5,CONTCAR_5_Bridge_Fe-Fe,Bridge,Fe-Fe,15-22,9.888,7.048,6.252,-0.8458,12.0,4.5,7.9
CONTCAR_5,CONTCAR_5_Bridge_Fe-Mn,Bridge,Fe-Mn,21-10,7.736,5.756,6.327,-0.4585,11.0,4.3,7.665
CONTCAR_5,CONTCAR_5_Bridge_Mn-Mn,Bridge,Mn-Mn,10-7,6.656,5.063,6.39,-0.1542,10.0,4.1,7.43
CONTCAR_5,CONTCAR_5_Bridge_Fe-Mn,Bridge,Fe-Mn,21-7,7.787,4.399,6.313,-0.4622,11.0,4.3,7.665
CONTCAR_5,CONTCAR_5_Bridge_Fe-Mn,Bridge,Fe-Mn,13-10,5.517,7.102,6.387,-0.4847,11.0,4.3,7.665
CONTCAR_5,CONTCAR_5_Bridge_Cu-Mn,Bridge,Cu-Mn,51-10,5.511,5.748,6.388,-1.3537,15.0,4.4,7.58
CONTCAR_5,CONTCAR_5_Bridge_Fe-Fe,Bridge,Fe-Fe,21-22,9.905,5.738,6.243,-0.8311,12.0,4.5,7.9
CONTCAR_5,CONTCAR_5_Bridge_Fe-Ni,Bridge,Fe-Ni,21-39,9.949,4.465,6.221,-0.9909,14.0,4.85,7.77
CONTCAR_5,CONTCAR_5_Bridge_Fe-Ni,Bridge,Fe-Ni,22-39,10.987,5.112,6.214,-1.067,14.0,4.85,7.77
CONTCAR_5,CONTCAR_5_Bridge_Fe-Ni,Bridge,Fe-Ni,18-34,5.549,1.879,6.201,-1.1033,14.0,4.85,7.77
CONTCAR_5,CONTCAR_5_Bridge_Fe-Fe,Bridge,Fe-Fe,13-18,4.426,1.302,6.282,-0.822,12.0,4.5,7.9
CONTCAR_5,CONTCAR_5_Bridge_Fe-Ni,Bridge,Fe-Ni,13-34,5.551,0.693,6.29,-1.0865,14.0,4.85,7.77
CONTCAR_5,CONTCAR_5_Bridge_Cu-Fe,Bridge,Cu-Fe,45-18,3.325,3.178,6.247,-1.6288,16.0,4.6,7.815
CONTCAR_5,CONTCAR_5_Bridge_Cu-Fe,Bridge,Cu-Fe,51-18,4.421,3.782,6.283,-1.6684,16.0,4.6,7.815
CONTCAR_5,CONTCAR_5_Bridge_Cu-Ni,Bridge,Cu-Ni,48-39,12.142,4.496,6.254,-1.8316,18.0,4.95,7.685
CONTCAR_5,CONTCAR_5_Bridge_Cu-Fe,Bridge,Cu-Fe,48-22,12.098,5.769,6.275,-1.6831,16.0,4.6,7.815
CONTCAR_5,CONTCAR_5_Bridge_Co-Mn,Bridge,Co-Mn,33-1,1.111,7.076,6.347,-0.5157,12.0,4.55,7.655
CONTCAR_5,CONTCAR_5_Bridge_Cu-Mn,Bridge,Cu-Mn,48-1,13.258,6.417,6.375,-1.3261,15.0,4.4,7.58
CONTCAR_5,CONTCAR_5_Bridge_Fe-Mn,Bridge,Fe-Mn,22-1,12.104,7.034,6.335,-0.53,11.0,4.3,7.665
CONTCAR_5,CONTCAR_5_Bridge_Co-Fe,Bridge,Co-Fe,33-12,2.26,0.025,6.206,-0.8333,13.0,4.75,7.89
CONTCAR_5,CONTCAR_5_Bridge_Cu-Mn,Bridge,Cu-Mn,45-5,1.09,3.253,6.317,-1.3147,15.0,4.4,7.58
CONTCAR_5,CONTCAR_5_Bridge_Cu-Mn,Bridge,Cu-Mn,48-5,13.244,3.896,6.324,-1.3352,15.0,4.4,7.58
CONTCAR_5,CONTCAR_5_Bridge_Cu-Fe,Bridge,Cu-Fe,45-12,2.254,2.558,6.228,-1.604,16.0,4.6,7.815
CONTCAR_5,CONTCAR_5_Bridge_Fe-Mn,Bridge,Fe-Mn,12-5,1.118,1.943,6.243,-0.479,11.0,4.3,7.665
CONTCAR_5,CONTCAR_5_Bridge_Mn-Mn,Bridge,Mn-Mn,1-5,13.25,1.326,6.384,-0.1454,10.0,4.1,7.43
CONTCAR_5,CONTCAR_5_Bridge_Co-Ni,Bridge,Co-Ni,31-34,7.782,1.92,6.184,-1.1906,15.0,5.1,7.76
CONTCAR_5,CONTCAR_5_Bridge_Co-Mn,Bridge,Co-Mn,31-7,7.798,3.138,6.267,-0.5985,12.0,4.55,7.655
CONTCAR_5,CONTCAR_5_Bridge_Mn-Ni,Bridge,Mn-Ni,7-34,6.69,2.488,6.293,-0.7793,13.0,4.65,7.535
CONTCAR_5,CONTCAR_5_Bridge_Fe-Mn,Bridge,Fe-Mn,16-1,12.146,0.637,6.309,-0.467,11.0,4.3,7.665
CONTCAR_5,CONTCAR_5_Bridge_Fe-Mn,Bridge,Fe-Mn,16-5,12.132,1.949,6.258,-0.4762,11.0,4.3,7.665
CONTCAR_5,CONTCAR_5_Bridge_Fe-Fe,Bridge,Fe-Fe,13-12,3.355,0.682,6.263,-0.7974,12.0,4.5,7.9
CONTCAR_5,CONTCAR_5_Bridge_Fe-Fe,Bridge,Fe-Fe,18-12,3.353,1.868,6.174,-0.8143,12.0,4.5,7.9
CONTCAR_5,CONTCAR_5_Bridge_Mn-Ni,Bridge,Mn-Ni,10-34,6.639,0.011,6.307,-0.7758,13.0,4.65,7.535
CONTCAR_5,CONTCAR_5_Bridge_Fe-Mn,Bridge,Fe-Mn,15-10,7.718,7.065,6.336,-0.4731,11.0,4.3,7.665
CONTCAR_5,CONTCAR_5_Bridge_Fe-Ni,Bridge,Fe-Ni,15-34,7.752,0.656,6.239,-1.0762,14.0,4.85,7.77
CONTCAR_5,CONTCAR_5_Bridge_Co-Fe,Bridge,Co-Fe,31-21,8.879,3.831,6.204,-0.8863,13.0,4.75,7.89
CONTCAR_5,CONTCAR_5_Bridge_Co-Fe,Bridge,Co-Fe,31-16,9.959,1.915,6.171,-0.9019,13.0,4.75,7.89
CONTCAR_5,CONTCAR_5_Bridge_Co-Fe,Bridge,Co-Fe,31-15,8.861,1.306,6.213,-0.9009,13.0,4.75,7.89
CONTCAR_5,CONTCAR_5_Bridge_Cu-Mn,Bridge,Cu-Mn,51-7,5.562,4.391,6.375,-1.3568,15.0,4.4,7.58
CONTCAR_5,CONTCAR_5_Bridge_Fe-Fe,Bridge,Fe-Fe,15-21,8.849,6.401,6.26,-0.7687,12.0,4.5,7.9
CONTCAR_5,CONTCAR_5_Bridge_Co-Ni,Bridge,Co-Ni,31-39,9.96,3.205,6.175,-1.1204,15.0,5.1,7.76
CONTCAR_5,CONTCAR_5_Bridge_Fe-Ni,Bridge,Fe-Ni,16-39,11.029,2.549,6.188,-1.0065,14.0,4.85,7.77
CONTCAR_5,CONTCAR_5_Bridge_Mn-Ni,Bridge,Mn-Ni,5-39,12.133,3.239,6.262,-0.7054,13.0,4.65,7.535
CONTCAR_5,CONTCAR_5_Bridge_Fe-Mn,Bridge,Fe-Mn,18-7,5.565,3.098,6.284,-0.5057,11.0,4.3,7.665
CONTCAR_5,CONTCAR_5_Hollow_Co-Fe-Ni,Hollow,Co-Fe-Ni,31-16-39,10.316,2.556,6.178,-1.0101,21.0,4.9,7.807
CONTCAR_5,CONTCAR_5_Hollow_Fe-Fe-Fe,Hollow,Fe-Fe-Fe,22-21-15,9.547,6.396,6.252,-0.8152,18.0,4.5,7.9
